,dates,headline,section_name,abstract,Date_format,Tag
0,2015-07-23T11:29:41+0000,The Ebola Soccer Survivors,World,"Struggling in the shadow of Ebola, survivors of the disease in Sierra Leone found new strength and solidarity on the soccer field.",7/23/2015,
1,2014-10-29T19:00:42+0000,W.H.O. Sees Ebola Slowing in Liberia,World,The World Health Organization said there had been no increases in laboratory-confirmed cases of Ebola in the country.,10/29/2014,1
2,2014-10-14T17:01:03+0000,W.H.O. Update on Ebola Epidemic,World,"Dr. Bruce Aylward, the World Health Organization’s assistant director general, said the number of Ebola cases worldwide will rise above 9,000 this week.",10/14/2014,1
3,2014-10-23T21:23:08+0000,Treating Ebola: The Hunt for a Drug,World,"Although there are currently no drugs or vaccines approved in the United States to treat or prevent Ebola, health officials have used several experimental drugs in the recent epidemic.",10/23/2014,
4,2014-10-08T15:50:53+0000,Spain’s Premier on Ebola Crisis,World,"Prime Minister Mariano Rajoy of Spain addressed his country’s Congress on the Ebola threat, as health authorities have confirmed that two others suspected of having the virus have tested negative.",10/8/2014,
5,2014-10-07T16:38:00+0000,Spanish Hospital on Ebola-Infected Nurse,World,Staff members at Carlos III Hospital in Madrid discussed how they were stemming the spread of Ebola after a Spanish nurse contracted the virus.,10/7/2014,
6,2014-10-17T01:59:26+0000,Putting On Ebola Protection Gear,World,"To enter the Ebola ward in Suakoko, doctors must dress in a sealed protection suit resistant to splashes and punctures. No skin can be left exposed. Dr. Colin Banks demonstrates the process.",10/17/2014,
7,2016-01-14T20:39:42+0000,W.H.O. Declares Liberia Ebola Free,World,"Representatives from the World Health Organization said that no cases of the Ebola virus had emerged in two incubation cycles, meaning Guinea, Liberia and Sierra Leone are Ebola free.",1/14/2016,1
8,2014-10-31T02:29:37+0000,Sirleaf Speaks on Ebola Outbreak,World,President Ellen Johnson Sirleaf of Liberia talked about flaws in the Liberian health care system and rebuilding it after the Ebola epidemic.,10/31/2014,
9,2015-07-23T10:30:35+0000,Erison and the Ebola Soccer Survivors,World,"Refusing to live in Ebola’s shadow, Erison Turay and others in Sierra Leone found new strength and solidarity on the soccer field.",7/23/2015,
0,2014-10-14T14:56:28+0000,Ebola Patient in Germany Dies,World,"Bernhard Ruf, the chief physician in the Department of Infectious Diseases at Leipzig’s St. Georg Clinic, issued a statement after the death of an Ebola patient who underwent treatment in Germany.",10/14/2014,
1,2015-06-30T19:41:10+0000,Liberia Confirms New Ebola Case,World,"Dr. Bernice Dahn, Liberia’s new minister of health, said on Tuesday that the country had confirmed its first case of Ebola since it was declared free of the virus more than a month ago.",6/30/2015,
2,2014-10-16T13:30:39+0000,Fighting Ebola Outbreak Street by Street,World,"Some ambulance workers in Monrovia have been infected with Ebola, while others have been attacked for not getting to patients in time.",10/16/2014,
3,2014-10-24T01:15:14+0000,W.H.O. Discusses Latest Ebola Numbers,World,"Dr. Keiji Fukuda, an assistant director-general for the World Health Organization, said that the situation in Guinea, Liberia and Sierra Leone was still of “great concern.”",10/24/2014,1
4,2014-10-17T02:01:29+0000,Ebola Protection Gear Safety,World,"To enter the Ebola ward at an International Medical Corps clinic in Suakoko, Liberia, doctors dress in a sealed protection suit. Dr. Colin Bucks, a physician working there, demonstrates the process.",10/17/2014,
5,2015-12-29T16:19:11+0000,African Nations Win Fight Against Ebola,World,"A representative from the World Health Organization announced that the countries of Guinea, Liberia and Sierra Leone have stopped the “original chains of transmission” of the Ebola virus.",12/29/2015,
6,2014-11-05T17:07:56+0000,Ebola-Free Spanish Nurse Speaks Out,World,"María Teresa Romero Ramos, a Spanish auxiliary nurse who was the first person to be infected by Ebola outside of Africa, spoke after she was released from Carlos III hospital in Madrid.",11/5/2014,
7,2015-05-07T01:27:07+0000,W.H.O. Officials Report a Drop in New Ebola Cases,World,"The World Health Organization reported the lowest weekly total of new cases in the West Africa Ebola epidemic this year, calling it an encouraging development but expressing caution about complacency.",5/7/2015,1
8,2014-12-30T23:21:30+0000,Ebola’s Other Victim: West Africa’s Economy,World,"In Sierra Leone, Guinea and Liberia, Ebola is not just affecting immune systems but also the bottom lines of businesses and governments.",12/30/2014,
9,2015-04-20T19:07:18+0000,Times Coverage of Ebola: Pulitzer-Winning Articles and More,World,"The Times produced more than 400 articles, including about 50 front-page stories from inside the Ebola-afflicted countries themselves. Here is a sample of work.",4/20/2015,
0,2014-11-02T17:45:10+0000,U.N. Employee Under Treatment for Ebola in France,World,The health ministry said in a statement on its website that the patient had contracted the virus in Sierra Leone and was being treated in a military hospital near Paris.,11/2/2014,
1,2015-04-20T02:47:21+0000,Signs Ebola Spreads in Sex Prompt a C.D.C. Warning ,World,The Centers for Disease Control and Prevention urged caution for Ebola survivors after a man might have passed the virus to his partner months after recovering from it.,4/20/2015,
2,2015-03-26T04:13:19+0000,Health Agency Reports Lowest Weekly Total of New Ebola Cases,World,The World Health Organization on Wednesday reported the lowest weekly total of new Ebola cases so far this year in the three nations of West Africa that have been afflicted by the deadly virus.,3/26/2015,
3,2016-03-17T19:45:00+0000,"Ebola Flare-Up Has Ended in Sierra Leone, W.H.O. Says",World,The World Health Organization said two incubation periods – or 42 days – had passed since the last known victim had tested negative for the deadly virus.,3/17/2016,1
4,2015-02-21T02:06:23+0000,Leaders of Ebola Fight at U.N. Express Worry About Eradication,World,The top two health officials managing the Ebola epidemic cast doubt on a pledge by West African leaders to reduce new cases to zero by mid-April.,2/21/2015,
5,2015-03-19T01:38:49+0000,Ebola Cases Increase in Guinea,World,"The World Health Organization said Wednesday that 95 new cases of Ebola had been confirmed in Guinea in the week that ended last Sunday, the highest weekly total for that country so far this year.",3/19/2015,
6,2014-10-20T14:24:42+0000,W.H.O. Declares Nigeria Free of Ebola,World,"Rui Gama Vaz, a World Health Organization representative in Nigeria, and the country’s health minister, Dr. Onyebuchi Chukwu, discussed the news that the country was free of the Ebola virus.",10/20/2014,1
7,2015-03-14T17:59:23+0000,Americans Evacuated From Sierra Leone After Possible Ebola Contact,World,"The group of 10 aid workers, with the group Partners in Health, may have come in contact with the virus in Sierra Leone, officials said.",3/14/2015,
8,2014-11-28T14:04:16+0000,"As Ebola Rages in Sierra Leone, a Lonely Death",World,"While health officials are making headway against the Ebola epidemic in neighboring Liberia, the disease is still rampant here, despite a big international push.",11/28/2014,
9,2015-01-12T19:35:19+0000,"British Nurse With Ebola Is Improving, Hospital Says",World,"The nurse, Pauline Cafferkey, who was infected while working as a volunteer in Sierra Leone, “is showing signs of improvement,” the Royal Free Hospital said.",1/12/2015,
0,2015-02-11T21:27:09+0000,Obama Says U.S. Work on Ebola Isn’t Done,World,"President Obama said that although all but 100 of the American troops deployed to West Africa to help manage the Ebola outbreak will be coming home by April 30, the civilian response will be expanded.",2/11/2015,
1,2015-09-04T01:17:31+0000,"Liberia: Ebola-Free, for a Second Time",World,"The World Health Organization declared Liberia free of Ebola for a second time on Thursday, several months after it was first thought to have halted the virus in May.",9/4/2015,
2,2014-10-23T16:34:59+0000,Inside the Ebola Ward,World,"Workers at the International Medical Corps treatment center in Suakoko, Liberia, use faith, hard work and caution as they face a stream of sick people in this remote hilltop east of Monrovia.",10/23/2014,
3,2015-04-14T02:05:10+0000,Sierra Leone: Ebola Trial Begins,World,Researchers began vaccinating volunteers in Sierra Leone on Monday with an experimental Ebola vaccine.,4/14/2015,
4,2015-11-12T11:55:22+0000,Scottish Nurse Pauline Cafferkey Recovers From Ebola for 2nd Time,World,"Ms. Cafferkey contracted Ebola last year while doing charity work in Sierra Leone and recovered for the first time in January. Last month, she again fell critically ill.",11/12/2015,
5,2015-07-31T00:33:36+0000,Liberia: Ebola Stalls Birth Registrations,World,"The births of more than 70,000 children in Liberia during the Ebola crisis were never recorded, leaving them vulnerable to marginalization.",7/31/2015,
6,2015-07-03T23:55:48+0000,Liberia: 200 Reportedly Had Contact With Ebola Victim,World,The World Health Organization reported Friday that nearly 200 people had been in contact with a 17-year-old in Liberia who was confirmed to have died of Ebola.,7/3/2015,
7,2014-10-10T00:42:12+0000,Three Hopes for an Ebola Treatment,World,"With thousands infected with the Ebola virus, millions of dollars are being pledged to develop treatment options. Three avenues that have potential but are a long way from being viable treatments.",10/10/2014,
8,2014-10-02T01:38:09+0000,Ebola Suspected in U.N. Worker’s Death,World,The victim was Liberian who had worked for the United Nations peacekeeping mission in her country.,10/2/2014,
9,2014-11-20T02:31:05+0000,Ebola’s Economic Cost Re-Examined ,World,"The World Bank chief economist for Africa said the cost may be $3 billion or $4 billion, not the worst-case outcome of more than $32 billion.",11/20/2014,
0,2014-12-17T02:28:28+0000,U.N. Secretary General to Visit Ebola-Plagued Nations,World,"The trip, which is to begin later this week, seems designed to send a message of solidarity with the three affected countries: Guinea, Liberia and Sierra Leone.",12/17/2014,
1,2016-01-15T10:15:33+0000,"Day After a Victory Over Ebola, Sierra Leone Reports a Death",World,"A 22-year-old woman from the northern part of the country was identified as the victim, and certain areas would be quarantined in response to her death.",1/15/2016,
2,2015-03-27T03:57:18+0000,An American With Ebola Is Improving,World,"An American aid worker being treated for Ebola at the National Institutes of Health clinical center in Maryland is doing better and has been upgraded from critical to serious condition, the N.I.H. announced Thursday.",3/27/2015,
3,2015-03-20T19:33:18+0000,Liberia Reports First Ebola Case in Weeks,World,Confirmation that a patient tested positive deflated hope that Liberia was now free of the Ebola virus.,3/20/2015,
4,2015-03-28T22:38:34+0000,Liberia Recommends Ebola Survivors Practice Safe Sex Indefinitely,World,"After an Ebola death, scientists want to gather more information on the length of time the virus might remain present in semen.",3/28/2015,
5,2015-07-15T23:10:44+0000,Another Ebola Fatality Is Reported in Liberia,World,"A woman died at an Ebola treatment unit in Liberia, the second victim of the virus since the World Health Organization declared the country free of of the virus in May.",7/15/2015,
6,2014-11-07T02:12:17+0000,Q. and A. With Sheri Fink on Covering Ebola in Liberia,World,"Sheri Fink, a New York Times reporter and a physician, answers readers’ questions about the Ebola crisis in rural Liberia.",11/7/2014,
7,2014-11-12T00:55:26+0000,Mali: New Ebola Case Is Confirmed as Response to First Was Wrapping Up,World,"Mali, which was just coming to the end of 21-day quarantines for 108 people linked to its first Ebola case, now has a second, the government announced Tuesday.",11/12/2014,
8,2015-02-19T01:10:37+0000,"Ebola Risks Linger, Officials Warn",World,Top United Nations officials on Wednesday warned against complacency over the waning Ebola epidemic in three West African countries.,2/19/2015,
9,2014-12-14T07:33:50+0000,Children With No Place to Go,World,"The United Nations estimates that 10,000 children have been orphaned in countries affected by Ebola. Many are stigmatized and shunned by their own communities.",12/14/2014,
0,2015-11-17T17:48:16+0000,"Guinea, Last Nation With Ebola, May Soon Be Declared Free of Virus",World,"A 3-week-old girl now recovering could be the final patient in an epidemic that killed more than 11,300 people, overwhelmingly in West Africa.",11/17/2015,
1,2015-03-12T13:28:42+0000,American and British Aid Workers Infected With Ebola in Sierra Leone,World,The new infections were a reminder that the Ebola crisis that has ravaged West Africa is far from over.,3/12/2015,
2,2015-10-08T00:23:01+0000,"No New Ebola Cases Were Reported in the Past Week, Health Agency Says",World,The World Health Organization has warned that Ebola could still come back because more than 500 people in Guinea who may have been exposed are still being monitored.,10/8/2015,
3,2015-07-30T00:12:03+0000,"New Ebola Cases Decline, but W.H.O. Advises Caution",World,"Seven new cases of Ebola were reported in Guinea and Sierra Leone last week, the lowest weekly total in more than a year.",7/30/2015,1
4,2014-12-01T21:51:59+0000,"2014 Goals for Ebola Treatment May Not Be Met, U.N. Health Officials Say",World,A senior World Health Organization official for Ebola response said Monday that year-end goals of isolating and treating all patients and safely burying the dead would be major challenges.,12/1/2014,
5,2015-10-15T00:49:58+0000,Ebola Survivor From Scotland Is Critically Ill,World,"The case of the nurse, Pauline Cafferkey, points to how much is still unknown about the virus and its long-term effects.",10/15/2015,
6,2014-12-05T02:19:19+0000,Liberia Bans Election Rallies to Fight Ebola ,World,"In issuing the crowd-control order, President Ellen Johnson Sirleaf argued that large concentrations of people at election rallies were precisely the situations that could spawn new infections.",12/5/2014,
7,2014-11-11T00:04:20+0000,Sierra Leone Defends Jailing Critic of Ebola Response,World,The attorney general in Sierra Leone said a prominent radio journalist had undermined the government’s effort to stop the disease’s spread.,11/11/2014,
8,2015-04-11T23:07:39+0000,Empty Ebola Clinics in Liberia Are Seen as Misstep in U.S. Relief Effort,World,"After the U.S. spent hundreds of millions of dollars and deployed nearly 3,000 troops, only 28 Ebola patients have been treated at the 11 centers built by the American military in Liberia.",4/11/2015,
9,2014-12-09T01:57:33+0000,"Malaria Scourge Has Declined Globally, but Ebola May Affect Toll, W.H.O. Says",World,"The World Health Organization reported steep declines in malaria cases and deaths compared with 2000 in a report released early Tuesday, saying the progress was particularly notable in Africa, where the disease is most prevalent.",12/9/2014,1
0,2014-12-18T04:19:58+0000,Agencies Warn of Hunger in Ebola Zone,World,"The Ebola outbreak ravaging West Africa could double the number of people facing hunger in the three worst-affected countries to more than one million by March, two United Nations agencies warned Wednesday.",12/18/2014,
1,2014-10-23T16:49:10+0000,Video: Inside the Ebola Ward,World,"The daily challenges faced by doctors, nurses and other workers at the Ebola treatment center run by the International Medical Corps in Bong County, Liberia.",10/23/2014,
2,2015-04-15T20:12:14+0000,"As Ebola Retreats, Obama Urges Vigilance and Preparation in West Africa",World,"During a visit to Washington by the leaders of Guinea, Liberia and Sierra Leone, President Obama said the global response must continue.",4/15/2015,
3,2015-02-10T23:44:01+0000,"Obama to Recall Military Personnel From Ebola Zone, Officials Say",World,"The president will also outline new steps aimed at eradicating the disease now that the crisis in West Africa has eased, the officials said.",2/10/2015,
4,2015-12-10T01:56:17+0000,Report Traces Ebola’s Spread in Liberia,World,The height of the epidemic in Liberia can be traced back to a single case of the disease probably introduced from Sierra Leone.,12/10/2015,
5,2014-10-16T21:10:28+0000,Europe Evaluates Ebola Measures as Possibility of New Cases Arises in France and Spain,World,"As new patients were evaluated, officials discussed whether proper preventive measures were being taken.",10/16/2014,
6,2014-10-25T18:46:32+0000,"More Than 10,000 Africa Ebola Cases, Health Agency Says",World,"A total of 10,141 people had contracted the disease worldwide, the World Health Organization said in its latest update on the progress of the epidemic.",10/25/2014,
7,2015-01-03T22:59:56+0000,Condition of British Ebola Patient Worsens ,World,"Doctors treating Pauline Cafferkey, a Scottish nurse who was found to have Ebola after returning from volunteer work in Sierra Leone, say that her condition has deteriorated to critical.",1/3/2015,
8,2014-11-18T18:36:36+0000,India Isolates Ebola Survivor at an Airport,World,"The man was successfully treated in Liberia, and blood tests after he flew home were negative, but signs of the virus were found lingering in his semen.",11/18/2014,
9,2015-02-27T18:19:12+0000,Liberia’s President Urges U.S. to Continue Ebola Aid,World,"President Ellen Johnson Sirleaf of Liberia praised the American efforts to fight the virus, which have helped to nearly eliminate new cases.",2/27/2015,
0,2015-05-19T19:35:56+0000,Doctors Link Risky Burials to Ebola Rise in West Africa,World,"Officials at the World Health Organization said that there had been a nearly fourfold increase during the most recent week of reporting, to about 35 new cases.",5/19/2015,
1,2014-11-12T00:39:45+0000,U.N. Seeks a More Nimble Response to Ebola in Africa,World,The organization has struggled to keep up with the spread and decline of the disease in specific localities.,11/12/2014,
2,2014-11-03T18:30:58+0000,W.H.O. Assails Delay in Ebola Vaccine,World,"Dr. Margaret Chan, the director general of the health organization, said the drug industry’s drive for profit was one reason no vaccine had yet been found for Ebola.",11/3/2014,1
3,2014-10-21T19:13:58+0000,Spanish Nurse Is Declared Free of Ebola,World,"Four straight tests administered to an auxiliary nurse, María Teresa Romero Ramos, have come back negative for the virus, hospital officials said.",10/21/2014,
4,2015-01-26T17:25:18+0000,A Photographer Documents Ebola’s Deadly Spread,World,"A collection of work by the photographer Daniel Berehulak, who has been capturing lives touched by the Ebola virus across West Africa since August.",1/26/2015,
5,2015-03-13T17:02:39+0000,Vaccines Face Same Mistrust That Fed Ebola,World,The same mix of fear and distrust that helped the Ebola epidemic spread is hampering doctors conducting trials on new medicines.,3/13/2015,
6,2015-12-29T09:24:51+0000,"In Guinea, a Hard-Won ‘Victory’ Over Ebola",World,"The country now enters a three-month period of heightened surveillance during which the virus could re-emerge, as it has done twice in Liberia after it ended transmission.",12/29/2015,
7,2015-11-20T13:22:42+0000,Ebola Cases in 3 Family Members Confirmed in Liberia,World,"The first documented case is a 15-year-old boy, and it comes two months after the country was declared free of the virus for the second time.",11/20/2015,
8,2015-11-07T11:57:57+0000,Sierra Leone Declared Free of Ebola Transmissions,World,"The news marks a joyous but tense moment in Sierra Leone, where Ebola has crippled the nation’s economy and officials worry the virus could re-emerge at any moment.",11/7/2015,
9,2014-11-21T20:52:30+0000,Officials Revise Goals on Containing Ebola After Signs of Wider Exposure in Mali ,World,The leaders of the United Nations and the World Health Organization said nearly 500 people in Mali and Guinea had been exposed to a sickened imam who had been misdiagnosed.,11/21/2014,
0,2014-12-14T02:47:59+0000,How to Help Sweetie Sweetie,World,"The home where Sweetie Sweetie is staying is sponsored by ChildFund International, a private aid agency.",12/14/2014,
1,2015-07-07T18:52:12+0000,Panel Calls W.H.O. Unfit to Handle a Crisis Like Ebola,World,"An independent panel said in a report released Tuesday that the World Health Organization was sluggish, financially unprepared and overly reliant on “good diplomacy.”",7/7/2015,1
2,2014-10-17T21:13:20+0000,"In Conspicuous Success, Senegal Is Declared Ebola-Free",World,Senegal’s achievement came as the virus rampaged in neighboring countries and contagion alarm continued to mount.,10/17/2014,
3,2014-10-10T00:08:32+0000,Britain to Screen for Ebola Amid Possible New Cases in Europe ,World,Britain said it would introduce measures at airports and rail terminals to screen passengers from affected countries as concerns over Ebola grew in Europe.,10/10/2014,
4,2015-02-27T21:10:50+0000,Obama Hosts Liberian President Sirleaf,World,"President Obama praised Ellen Johnson Sirleaf, the Liberian president, for her leadership during the Ebola epidemic. Ms. Sirleaf thanked Mr. Obama for his response to the crisis.",2/27/2015,
5,2015-03-25T03:15:24+0000,Exposure Concerns Grow in Liberia After Diagnosis of First Ebola Case in Weeks,World,"The patient, a street vendor who lived in a one-bathroom house shared with 52 others in a Monrovia suburb, had sold food last week at a school where more than 1,900 students are enrolled.",3/25/2015,
6,2015-05-09T10:14:30+0000,"Liberia Is Declared Free of Ebola, but Officials Sound Note of Caution",World,"The announcement Saturday made Liberia the first of the hardest-hit West African countries, including Guinea and Sierra Leone, to bring a formal end to the epidemic.",5/9/2015,
7,2014-12-19T03:12:07+0000,Liberia Will Proceed With Senate Vote Delayed by Ebola ,World,"An election repeatedly delayed because of the epidemic and other challenges will be held on Saturday, but critics worry whether voting will fair and safe.",12/19/2014,
8,2014-12-01T02:35:03+0000,Ebola Now Preoccupies Once-Skeptical Leader in Guinea,World,"President Alpha Condé, whose bureaucracy once played down the Ebola epidemic to avoid scaring investors, has become aggressively involved in the fight.",12/1/2014,
9,2014-10-16T17:33:01+0000,New U.N. Ebola Trust Fund Falls Far Short of Goal,World,Secretary General Ban Ki-moon said the new fund had received a fraction of the nearly $1 billion needed.,10/16/2014,
0,2016-01-14T12:12:08+0000,"Deadliest Ebola Outbreak on Record Is Over, W.H.O. Says",World,"The announcement came after a recent chain of cases in Liberia was snuffed out, ending an epidemic that killed more than 11,300 people, mostly in West Africa.",1/14/2016,1
1,2015-03-16T18:31:04+0000,Care Differs for American and African With Ebola,World,The latest American aid worker to contract Ebola overseas was quickly transported back to the United States; the course of care has been markedly different for a Sierra Leonean colleague who developed Ebola within days of the American.,3/16/2015,
2,2014-10-22T00:38:49+0000,Ebola Outbreak Erodes Recent Advances in West Africa,World,"Ebola is wiping away the small gains made in war-scarred parts of West Africa, potentially threatening the hard-won stability in a tinderbox part of the world.",10/22/2014,
3,2015-02-13T02:43:37+0000,Red Cross Faces Attacks at Ebola Victims’ Funerals,World,The International Federation of Red Cross and Red Crescent Societies reported Thursday that its burial teams in Guinea have been attacked verbally or physically 10 times a month on average since March.,2/13/2015,
4,2015-06-30T13:51:20+0000,New Cases of Ebola Put an End to Liberia’s Status as Virus-Free,World,"The body of a teenager tested positive for the virus, ending Liberia’s Ebola-free status, said the deputy minister for health, and raising fresh concerns.",6/30/2015,
5,2014-10-20T13:07:09+0000,Beijing Donates $6 Million for Food Aid in Ebola Fight,World,"China, a leading trading partner to many African countries, has been urged to take a more active role in the Ebola fight.",10/20/2014,
6,2015-04-15T18:40:30+0000,Obama Hosts West African Leaders,World,"The president met with the leaders of the Ebola-affected nations of Liberia, Sierra Leone and Guinea on Wednesday to discuss how the United States could help them as they rebuild after the outbreak.",4/15/2015,
7,2015-07-02T23:20:14+0000,Liberia Reports New Cases of Ebola,World,"Three cases have emerged in the country since it was declared free of the virus on May 9, highlighting the continuing threat of viral outbreaks in West Africa.",7/2/2015,
8,2015-05-13T17:12:28+0000,Italian Nurse Who Worked in Sierra Leone Tests Positive for Ebola,World,"The nurse, who was admitted to an infectious disease hospital in Rome, returned home last week after working in Sierra Leone.",5/13/2015,
9,2014-11-07T21:39:16+0000,W.H.O. Issues New Guidelines on Safely Burying Ebola Victims,World,"Victims are at their most infectious when they die, so the agency has tried to balance safety with the cultural sensitivities that surround traditional burial rites.",11/7/2014,1
0,2015-03-14T01:27:15+0000,U.S. Clinician With Ebola Under Care in Maryland,World,"An American aid worker was infected while working in Sierra Leone, and he may have exposed colleagues in West Africa to the virus.",3/14/2015,
1,2014-10-10T02:03:15+0000,Heart-Rending Test in Ebola Zone: A Baby,World," In a country devastated by a terrible disease, what to do when the task is caring for an hours-old baby whose mother might have died of Ebola?",10/10/2014,
2,2014-10-09T10:57:50+0000,Australian Nurse Is Found Not to Have Ebola,World,"The nurse, who developed a fever after she returned from Sierra Leone, where she had worked with Ebola patients, tested negative, health officials said.",10/9/2014,
3,2015-10-22T00:59:57+0000,New Clues Into Ebola as Ill Nurse Improves,World,Pauline Cafferkey has been treated with an experimental anti-viral compound that is thought to work by incorporating itself into the genetic material while the Ebola virus is being copied.,10/22/2015,
4,2014-11-21T01:49:18+0000,"Ebola Spread Has Slowed in Liberia, C.D.C. Says",World,"The international response to the epidemic, coupled with more effective action by local communities, has stopped its exponential spread in Liberia, the agency said.",11/21/2014,
5,2015-02-06T01:56:02+0000,Small Rise in New Cases Shows Ebola Hanging On,World,"A weekly increase in new cases, the first this year, was worrisome because some of them were patients who had not been listed for monitoring, health officials said.",2/6/2015,
6,2015-02-11T20:27:43+0000,"Withdrawing Troops, Obama Calls for Vigilance on Ebola ",World,"President Obama said that most American military personnel working to fight Ebola in West Africa would soon come home, but that the disease had the potential to flare again.",2/11/2015,
7,2014-10-29T01:53:36+0000,"In Liberia, a Good or Very Bad Sign: Empty Hospital Beds",World,"Liberia has far fewer people being treated for Ebola than anticipated, but health officials are hesitant to declare victory.",10/29/2014,
8,2015-11-06T10:00:18+0000,The Last Place on Earth With Ebola: Getting Guinea to Zero,World,"The deadliest Ebola epidemic in history has come down to a handful of cases in a cluster of villages, but efforts to end the outbreak have been uneven at best.",11/6/2015,
9,2014-12-30T01:22:18+0000,Britain: Ebola Case Reported in Glasgow,World,A woman who had been working in Sierra Leone was being treated Monday for Ebola in a Glasgow hospital.,12/30/2014,
0,2015-03-11T19:20:09+0000,"Ebola Outbreak Could Be Ended by Summer, U.N. Says",World,"Dr. Bruce Aylward said the crisis could be stopped completely, but only if funding continues and health workers can build trust in wary communities.",3/11/2015,
1,2014-10-14T15:31:25+0000,"New Ebola Cases May Soon Reach 10,000 a Week, Officials Predict",World,The World Health Organization warned that the spread of the disease could become unmanageable and renew risks of political instability in fragile countries.,10/14/2014,
2,2015-04-16T18:55:10+0000,Ebola Researchers Take New Look at Risk of Sexual Transmission,World,"Responding to suspected cases of male Ebola survivors infecting partners, scientists are investigating how long the virus can remain in semen.",4/16/2015,
3,2014-10-31T11:14:22+0000,Braving Ebola,World,The men and women of one Ebola clinic in rural Liberia reflect on life inside the gates.,10/31/2014,
4,2015-06-12T00:55:23+0000,"A Chinese Ebola Drug Raises Hopes, and Rancor",World,The production of an experimental Ebola treatment by a small Chinese company has led to patent infringement claims by American officials and disagreements among doctors.,6/12/2015,
5,2015-05-08T16:24:22+0000,"Liberia, Ravaged by Ebola, Faces a Future Without It",World,"The West African nation, which is improving its health care systems, now has Ebola under control after being overwhelmed by the disease last year.",5/8/2015,
6,2015-09-18T13:00:16+0000,"In Sierra Leone, Giving the Stigma of Ebola a Good, Swift Kick",World,An all-survivors soccer team led by Erison Turay was made to bring Ebola survivors together and create a new community from the shared pain of the past.,9/18/2015,
7,2014-12-31T00:55:57+0000,Ebola Ravages Economies in West Africa,World,"In Sierra Leone, Guinea and Liberia, Ebola is not just affecting immune systems but also the bottom lines of businesses and governments.",12/31/2014,
8,2015-01-23T19:55:14+0000,Officials Say Ebola Cases Are Falling In West Africa ,World,"Officials said that there had been a substantial reduction in new cases, but that dwindling funds and the approaching rainy season were a problem.",1/23/2015,
9,2014-10-13T12:46:13+0000,W.H.O. Chief Calls Ebola Outbreak a ‘Crisis for International Peace’,World,"The virus’s spread in West Africa is “unquestionably the most severe acute public health emergency in modern times,” said Dr. Margaret Chan, the body’s director general.",10/13/2014,1
0,2014-12-30T10:02:08+0000,"Ebola Patient Is Moved to London, and 2 Others Are Tested in Britain",World,"The patient in the confirmed case in Scotland had worked with a charity in Sierra Leone. Officials were testing two others, in Scotland and England, for the disease.",12/30/2014,
1,2015-03-12T00:17:58+0000,Liberian Leader Concedes Errors in Response to Ebola ,World,President Ellen Johnson Sirleaf acknowledged on Wednesday that she had made a mistake in ordering a tough security crackdown at the height of the Ebola crisis last year.,3/12/2015,
2,2014-10-10T00:45:17+0000,West Africans Make Plea for Long List of Ebola Needs,World,"The presidents of Guinea, Liberia and Sierra Leone, the nations most affected by the Ebola outbreak, made their case at a meeting of the World Bank and the International Monetary Fund in Washington.",10/10/2014,
3,2014-10-02T18:15:29+0000,"Ebola Patient in Dallas Lied on Screening Form, Liberian Airport Official Says",World,"Thomas E. Duncan, the Liberian who developed Ebola symptoms after arriving in Dallas, lied about his history of contact with the disease on a questionnaire, an official said.",10/2/2014,
4,2014-10-24T01:16:15+0000,Britain Pledges Millions to Fight Ebola and Chides Others to Spend More,World,"Prime Minister David Cameron of Britain said his country had already promised more aid than any other in Europe to fight Ebola in West Africa, but said, “we need other European countries to do more.”",10/24/2014,
5,2015-08-04T23:14:07+0000,"Ebola Cases Fall Sharply, W.H.O. Reports",World,"The number of new Ebola diagnoses in Sierra Leone and Guinea reached its lowest point in well over a year last week, according to the World Health Organization.",8/4/2015,1
6,2015-03-13T00:09:46+0000,"Ebola, Thief of Rituals, Leaves No Graves to Decorate",World,"Decoration Day is for sprucing up burial sites and celebrating life, but after 3,000 bodies were cremated because of the Ebola outbreak, Wednesday’s holiday was a somber affair.",3/13/2015,
7,2014-11-27T00:18:51+0000,Sierra Leone to Eclipse Liberia in Ebola Cases,World,"The World Health Organization reported more than 600 new cases of Ebola in the week that ended Sunday, more than half of them in Sierra Leone.",11/27/2014,
8,2014-10-16T21:30:12+0000,Denial and Disconnect Add to Toll of Ebola in Sierra Leone,World,"Persistent denial has been harmful to the fight against the virus in African nations, as has officials’ apparent lack of awareness of the extent of the desperation and death.",10/16/2014,
9,2015-07-10T01:08:12+0000,Surge of Ebola in Liberia May Be Linked to a Survivor,World,The conclusion was made by scientists who analyzed the genetic sequence of the virus from the body of a Liberian boy who died of Ebola last week.,7/10/2015,
0,2014-10-17T20:58:32+0000,"In Europe, Fear of Ebola Exceeds the Actual Risks",World,"Across the Continent, as in the United States, the virus has stirred a wave of alarm that, according to experts, reflects the insecurities of the modern mind far more than any significant danger to public health.",10/17/2014,
1,2014-12-07T00:01:25+0000,"As Ebola Rages, Poor Planning Thwarts Efforts ",World,"Aid officials in Sierra Leone say weak coordination among aid groups, government mismanagement and glaring inefficiencies are costing countless lives.",12/7/2014,
2,2015-02-28T23:09:37+0000,"Nearly Halted in Sierra Leone, Ebola Makes Comeback by Sea",World,"Sierra Leone thought it had beaten back the disease, then two fishing boats carrying three infected mariners arrived at a wharf in February.",2/28/2015,
3,2014-10-20T16:27:22+0000,"Nigeria Is Free of Ebola, Health Agency Affirms",World,"The announcement called Nigeria’s effort a “spectacular success story” but warned that the country, Africa’s most populous, cannot relax its defenses.",10/20/2014,
4,2014-10-29T15:02:04+0000,"Ebola Slowing in Liberia, W.H.O. Says, but International Support Is Still Necessary ",World,The World Health Organization’s assistant director general said there had been a decline in burials in the West African nation and no increases in confirmed cases.,10/29/2014,1
5,2015-03-23T01:21:56+0000,"One Year Later, Ebola Outbreak Offers Lessons for Next Epidemic",World,"While the disease has not been eliminated, aid groups take stock of what worked and didn’t, and continue to point fingers.",3/23/2015,
6,2014-10-23T12:07:35+0000,Ebola Prompts North Korea to Bar Tourists,World,"The country said it was stepping up inspections and quarantine measures at its airport, borders and ports to guard against the spread of the deadly virus.",10/23/2014,
7,2015-02-01T00:40:53+0000,"As Ebola Ebbs in Africa, Focus Turns From Death to Life ",World,"New cases in Liberia, where streets were littered with the Ebola dead just a few months ago at the height of the epidemic, now number in the single digits, according to the World Health Organization.",2/1/2015,
8,2014-10-09T09:03:34+0000,"Condition of Spanish Nurse With Ebola Worsens, Officials Say",World,"The deterioration came as the authorities announced that one more health care worker had been quarantined, in addition to three others who were isolated overnight.",10/9/2014,
9,2014-12-22T23:57:27+0000,C.D.C. Head Says Fight on Ebola Will Be Long,World,"Dr. Thomas R. Frieden, back from a weeklong trip to West Africa, said he saw hopeful signs in Guinea and Liberia, but there was ample reason for continued concern.",12/22/2014,
0,2015-03-05T18:21:36+0000,Last Known Ebola Patient in Liberia Is Discharged,World,"Beatrice Yardolo lost two sons and a daughter to the disease, but she gave thanks to God as she returned home to the rest of her family.",3/5/2015,
1,2014-11-13T15:34:07+0000,"Liberia President, Citing Ebola Gains, Ends State of Emergency",World,"President Ellen Johnson Sirleaf said she would not extend the state of emergency, which had angered critics.",11/13/2014,
2,2014-11-05T13:57:05+0000,"Free of Ebola, Nurse’s Aide Leaves Spanish Hospital",World,"María Teresa Romero Ramos, 44, was found to be infected with the virus after treating a Spanish missionary who had returned from West Africa with the disease.",11/5/2014,
3,2014-12-03T01:49:18+0000,New Concerns Over Response to Ebola Crisis,World,"Doctors Without Borders, which responded early to the outbreak in West Africa, said local doctors, nurses and charity workers were still carrying an inordinate burden.",12/3/2014,
4,2015-05-09T16:51:21+0000,"Liberia Conquers Ebola, but Faces a Crisis of Faith",World,"Churches have been holding special prayers, revivals and workshops, with the purpose of refastening ties frayed by Ebola, a disease that made many fear those closest to them.",5/9/2015,
5,2014-12-01T17:26:10+0000,Sierra Leone Prognosis Is ‘Very Good’,World,"A World Health Organization assistant director general, Dr. Bruce Aylward, said the prognosis for Ebola in Sierra Leone is “very good” because of plans for building more treatment centers there.",12/1/2014,
6,2014-10-07T12:01:49+0000,Demands for an Explanation Grow After a Nurse in Spain Contracts Ebola,World,"The nurse’s husband and two other people were quarantined, and monitoring was extended to 50 other people who might have come into contact with her.",10/7/2014,
7,2015-07-31T12:00:05+0000,"Experimental Ebola Vaccine Tested in Guinea Shows Promise, Report Says",World,"The report, published in the British medical journal The Lancet, indicated that the vaccine “might be safe and highly efficacious in preventing Ebola virus disease.”",7/31/2015,
8,2014-10-25T00:57:07+0000,Mali Reports First Death From Ebola,World,The death of a 2-year-old girl who traveled across two countries while showing symptoms of Ebola is the first recorded Ebola death in Mali.,10/25/2014,
9,2014-10-08T08:17:16+0000,Officials Cite Error With Gloves in Spanish Case of Ebola,World,Spanish health officials began to explain Wednesday how an auxiliary nurse became the first Ebola case in Western Europe.,10/8/2014,
0,2015-02-24T20:54:07+0000,Getting to Zero Ebola Cases,World,"On Saturday, the World Health Organization declared Liberia free of Ebola.",2/24/2015,
1,2015-01-07T02:52:39+0000,Effort on Ebola Hurt W.H.O. Chief,World,"Critics of Margaret Chan have said she lets governments around the world steer the W.H.O. to fit their own needs, instead of firmly taking the helm as the world’s doctor in chief.",1/7/2015,1
2,2014-10-31T01:00:53+0000,North Korea Said to Impose Ebola Quarantine on All Travelers,World,"North Korea, which in the best of times allows a limited number of people in or out, is so rattled by the virus that it reportedly will quarantine anyone coming into the country from anywhere.",10/31/2014,
3,2015-04-13T00:59:45+0000,Pattern of Safety Lapses Where Group Worked to Battle Ebola Outbreak,World,"Safety deficiencies at a treatment center staffed by Partners in Health, a charity that pledged to fight Ebola in Sierra Leone and Liberia, led to the closure of the center after two clinicians were diagnosed with Ebola.",4/13/2015,
4,2014-10-03T01:04:30+0000,U.S. Aid Effort in Liberia Barely Off the Ground as Ebola Rages,World,"The American promise to build 18 Ebola treatment centers has been stalled by, among other things, broken equipment and numerous holes on an airport runway.",10/3/2014,
5,2014-11-28T02:50:27+0000,"Despite Aid Push, Ebola Is Raging in Sierra Leone",World,"After calling for an ambulance more than 35 times, a family in Sierra Leone, where Ebola has hit harder than in neighboring countries, waited for three days for help to arrive.",11/28/2014,
6,2014-10-09T00:46:37+0000,European Leaders Scramble to Upgrade Response to Ebola Crisis,World,"Europe has suffered a blow to its self-image of generosity, its efforts to contain Ebola overshadowed  by President Obama’s announcement that he was sending  3,000 troops to West Africa.",10/9/2014,
7,2014-11-06T03:15:21+0000,Treating Those Treating Ebola in Liberia,World,"A dedicated Ebola field hospital for health workers is scheduled to open Friday in Monrovia, Liberia, as part of an effort to ease the worries of would-be volunteers.",11/6/2014,
8,2014-12-14T02:48:15+0000,An Ebola Orphan’s Plea in Africa: ‘Do You Want Me?’,World,"After her mother died of Ebola, a young girl in Sierra Leone was left an orphan when nobody in her village, even relatives, wanted to take her, though she showed no symptoms of the virus. ",12/14/2014,
9,2015-05-12T02:29:37+0000,"W.H.O. Needs Reforms in Wake of Ebola Crisis, Report Says",World,A panel of experts said that the World Health Organization requires a radical change of culture to cope with future emergencies.,5/12/2015,1
0,2014-10-14T10:10:16+0000,Ebola Patient Dies in German Hospital,World,"The Sudanese man, who had been working with the United Nations in Liberia, was the third patient to arrive in Germany in recent weeks for treatment, and the first to die.",10/14/2014,
1,2014-10-14T19:42:24+0000,Spain Exposes Holes in Plans to Treat Ebola,World,"Madrid, where a nurse contracted the disease, mostly dismantled its infectious disease center as part of a government cost-cutting plan.",10/14/2014,
2,2014-10-01T19:28:28+0000,"U.S. Patient Aided Pregnant Liberian, Then Took Ill",World,"Senior Liberian officials said the man, Thomas Eric Duncan from Monrovia, had helped a woman who had Ebola to the hospital a few days before he left for the United States.",10/1/2014,
3,2015-03-04T18:33:39+0000,"Back to School, Though Not Back to Normal, in a Liberia Still Fearful of Ebola",World,"Ebola cases have receded into the single digits in Liberia, but fear of the virus and a depressed economy have dampened a back-to-school campaign.",3/4/2015,
4,2014-11-06T23:59:59+0000,Sierra Leone Detains Journalist for Criticism of Ebola Response,World,David Tam-Baryoh devoted a segment of his radio program to a critical discussion of President Ernest Bai Koroma’s handling of the outbreak.,11/6/2014,
5,2015-05-18T17:53:52+0000,W.H.O. Leader Outlines Changes in Response to Ebola Epidemic,World,"The World Health Organization must act to ensure it will not be caught flat-footed by future crises, Dr. Margaret Chan said at the start of a 10-day meeting.",5/18/2015,1
6,2014-10-14T19:28:11+0000,E.U. Urges States to Coordinate Efforts to Cut Risk of Importing Ebola,World,The top health minister called for the sharing of real-time information about airline and railroad passenger movements within the union.,10/14/2014,
7,2014-11-14T00:58:43+0000,"For a Liberian Family, Ebola Turns Loving Care Into Deadly Risk",World,"The Doryen family, unbowed survivors of Liberia’s civil war, saw seven members die from the virus in a matter of months and lost its sense of unity.",11/14/2014,
8,2014-10-26T21:51:37+0000,"As Ebola Spreads, Asia Senses Vulnerability",World,Senior officials in China and India have been scrambling to prepare their countries' medical systems to cope with possible cases.,10/26/2014,
9,2015-04-20T18:50:10+0000,W.H.O. Promises Reform After Criticism Over Ebola Response,World,"The World Health Organization acknowledged it was not prepared to deal with the Ebola outbreak, and vowed to overhaul the way it handles epidemics.",4/20/2015,1
0,2015-04-30T16:44:17+0000,Obama Nominates Gayle Smith to Lead U.S.A.I.D.,World,"Ms. Smith, who is well-known in Washington development circles, would be in charge of the government’s response to humanitarian disasters and manage the agency’s $20 billion budget.",4/30/2015,
1,2014-10-15T00:00:57+0000,Ebola Fight in Africa Is Hurt by Limits on Ways to Get Out,World,"The lack of a reliable evacuation system makes aid missions to West Africa much more dangerous for volunteers, who are thus less likely to go there.",10/15/2014,
2,2014-10-11T01:35:06+0000,Doctors Without Borders Evolves as It Forms the Vanguard in Ebola Fight ,World,How the group could do what no one else accomplished in West Africa is explained in part by its self-reliance and a focus on innovation.,10/11/2014,
3,2015-08-07T21:01:58+0000,"Ebola Survivors Face Lingering Pain, Fatigue and Depression",World,"About half the survivors seem to have chronic joint pain that is often severe enough to prevent them from working, an expert said.",8/7/2015,
4,2014-12-08T01:58:15+0000,Liberian President’s Ban on Rallies Is Seen as Political,World,Critics say a decree by President Ellen Johnson Sirleaf of Liberia that bans all political rallies in Monrovia to prevent the further spread of Ebola is really an attempt to ensure victory for her son’s Senate campaign.,12/8/2014,
5,2014-12-20T23:35:24+0000,Few Liberians Turn Out for Vote Delayed by Ebola,World,"Extra cardboard dividers and ballot boxes were added at polling places to minimize the risk of voters contracting Ebola, which is spread through physical contact.",12/20/2014,
6,2014-11-03T22:04:04+0000,Inquiry Faults Liberia Force That Fired on Protesters,World,An independent human rights panel found that Liberian security forces fired directly into a crowd of civilians who were protesting a quarantine this summer.,11/3/2014,
7,2014-10-17T02:15:21+0000,"In Layers of Gear, Offering Healing Hand to Ebola Patients in Liberia",World,"Doctors offer Ebola patients simple comforts, like feeding them or cleaning them up. But they also try to restrain their own impulses, because old habits might not be safe.",10/17/2014,
8,2014-10-11T01:16:18+0000,Officials Admit a ‘Defeat’ by Ebola in Sierra Leone,World,The decision to help families treat patients at home signifies a significant shift in the struggle against the rampaging disease.,10/11/2014,
9,2014-10-06T19:31:25+0000,"Ebola Infects Spanish Nurse, a First in West",World,"The nurse was the first health worker to be infected with the virus outside West Africa, raising concerns about how prepared Western nations are to treat Ebola victims.",10/6/2014,
0,2015-06-20T00:53:48+0000,Genome Studies Show How Ebola Spread Initially ,World,Scientists have developed a fuller picture of how the virus spread and evolved by tracking mutations in its genome.,6/20/2015,
1,2014-11-13T03:09:46+0000,Health Officials Reassess Strategy to Combat Ebola in Liberia,World,"As the rate of new infections has slowed, American and Liberian officials are debating whether to shift money that was planned for the centers into other programs to combat future outbreaks.",11/13/2014,
2,2014-12-14T01:53:45+0000,Liberian Court Rejects Petition to Delay Elections Over Ebola,World,"Liberia’s Supreme Court on Saturday said it would not halt Senate elections scheduled for Tuesday, but the ultimate day of the vote remains unclear.",12/14/2014,
3,2014-10-08T01:19:52+0000,"Life, Death and Grim Routine Fill the Day at a Liberian Ebola Clinic",World,Health workers tend to people sickened by Ebola and those quarantined while they wait to learn if they have the virus.,10/8/2014,
4,2014-10-01T15:59:10+0000,"A Hospital From Hell, in a City Swamped by Ebola",World,Ebola is sweeping into areas of West Africa that had been largely spared the onslaught. The consequences in one Sierra Leone hospital have been devastating.,10/1/2014,
5,2015-01-10T23:44:35+0000,"No Moon Suits, Just Trunks and the Healing Surf",World,"As Ebola gnaws through Sierra Leone, those at Bureh Beach Surf Club teach and feed tourists, eking out a living seemingly determined to pursue their passion as a way to cope.",1/10/2015,
6,2014-10-06T01:21:28+0000,"Ebola Help for Sierra Leone Is Nearby, but Delayed on the Docks",World,"More than $140,000 worth of medical supplies have been locked inside a dented container at the port in Freetown, Sierra Leone, since Aug. 9.",10/6/2014,
7,2015-01-27T23:26:47+0000,Botswana Doctor Is Named to Lead W.H.O. in Africa,World,"The much-praised appointee, Dr. Matshidiso Moeti, promised to overhaul the regional office, which has faced criticism for its slow response to the Ebola crisis.",1/27/2015,1
8,2015-08-01T18:38:09+0000,Palm Oil Company Is Accused of Exploiting Liberia’s Ebola Crisis,World,"During the height of the Ebola outbreak, a community signed over large swaths of farming land. Now, some are questioning the benefits, and ethics, of the deal.",8/1/2015,
9,2014-11-20T02:18:53+0000,Ebola Response in Liberia Is Hampered by Infighting,World,Poor coordination and serious disagreements between Liberian officials and the donors and health agencies fighting the epidemic are hindering results.,11/20/2014,
0,2014-10-04T16:24:38+0000,Ebola’s Cultural Casualty: Hugs in Hands-On Liberia,World,"As Ebola ravages West Africa, Liberians are losing an integral part of their culture, in which the double-cheek kiss was once the standard greeting.",10/4/2014,
1,2014-10-31T02:36:52+0000,Liberia’s Ebola Crisis Puts President in Harsh Light,World,"As Liberia’s first elected leader after a devastating civil war, President Ellen Johnson Sirleaf has pushed the country to economic growth, but gains have been halted by the Ebola outbreak.",10/31/2014,
2,2014-10-28T01:12:26+0000,Wish to Do More in Ebola Fight Meets Reality in Liberia,World,"Health workers in Liberia and elsewhere in West Africa are finding they have to ration care, operating under constraints they often find frustrating.",10/28/2014,
3,2014-10-16T13:38:30+0000,Ambulance Work in Liberia Is a Busy and Lonely Business,World,"Only about 15 ambulance teams are available to aid Monrovia, a city of nearly 1.5 million people, where hundreds of new Ebola cases are reported each week.",10/16/2014,
4,2015-12-09T10:00:22+0000,They Helped Erase Ebola in Liberia. Now Liberia Is Erasing Them.,World,"Thirty young men spent months burning the bodies of the infected. A year later, many relatives and fellow countrymen still can’t forgive them.",12/9/2015,
5,2015-11-22T23:33:18+0000,Panels Advise Bolstering W.H.O. for Crises Like Ebola,World,"Both groups said that the United Nations health agency’s outbreak and emergency response capacities should be strengthened, and protected from political meddling.",11/22/2015,1
6,2016-03-25T13:30:31+0000,"Ebola, Ruthless to Families, Leaves Liberian Man Alive and Alone",World,"Gaye Dumbai got the news that greets so many other survivors: His relatives — 13 in all — were dead. Now, more than a year later, he has his life back, but it is not the same life.",3/25/2016,
7,2015-05-12T23:15:57+0000,Liberia’s Military Tries to Remedy Tension Over Ebola Quarantine,World,"As residents of a slum in the capital were trapped behind barricades in August, riots erupted, soldiers fired shots and a teenager was fatally wounded.",5/12/2015,
8,2014-10-20T02:03:52+0000,"In Homeland, Liberia Native Finds Resilience Amid Horror",World,"Long before Ebola arrived, the people of Liberia endured 14 years of civil war. When it finally ended in 2003, what was left was a nation of survivors.",10/20/2014,
9,2015-01-26T01:56:00+0000,W.H.O. Members Endorse Resolution to Improve Response to Health Emergencies,World,"Key provisions include creating a global cadre of emergency health workers, establishing a fund that could be tapped quickly, and support for the development of treatments for emerging infectious diseases.",1/26/2015,1
0,2015-01-26T01:56:00+0000,W.H.O. Members Endorse Resolution to Improve Response to Health Emergencies,World,"Key provisions include creating a global cadre of emergency health workers, establishing a fund that could be tapped quickly, and support for the development of treatments for emerging infectious diseases.",1/26/2015,1
1,2015-02-23T01:38:05+0000,"Liberia Lifts Its Curfew, but Border Stays Sealed",World,"Sierra Leonean authorities said Sunday that they had received no instructions to open their side of the border with Liberia, sealed in late July to try to limit the spread of the Ebola virus.",2/23/2015,
2,2014-10-10T20:56:47+0000,Global Response to Ebola Highlights Challenges in Delivering Aid,World,"As medical teams head to Sierra Leone, a Doctors Without Borders director says a reliance on volunteers, without military aid in setting up facilities, remains a roadblock.",10/10/2014,
3,2014-10-16T20:54:25+0000,W.H.O. to Focus on Containing Ebola in Africa,World,"The World Health Organization will concentrate on 15 African countries with communications and trade links with Guinea, Liberia and Sierra Leone, an official said.",10/16/2014,1
4,2014-11-17T02:35:58+0000,Fear of Ebola Opens Wary Villages to Outsiders in Guinea,World,"In Guinea’s Forest Region, villages that have refused outside help to fight the Ebola outbreak are starting to soften their resistance.",11/17/2014,
5,2014-10-11T23:45:42+0000,"Amid Ebola Crisis, Liberian Army Sees Its Chance at Rebranding",World,"The Liberian Army, working alongside American troops, has become a linchpin in the fight against the Ebola virus. But it faces a wary public.",10/11/2014,
6,2014-10-17T01:20:05+0000,Pursuing a Calling That Leads to West Africa,World,"Dr. Steven Hatch of the University of Massachusetts medical school explains what led him to volunteer at an Ebola clinic in Suakoko, Liberia.",10/17/2014,
7,2015-11-09T02:10:31+0000,Handful of Liberians Running to Prove a Point About Ebola,World,"After eradicating Ebola, the Liberian Marathon (all 13 miles of it) returned this year to remind the world that the country was healthy and back to form.",11/9/2015,
8,2014-11-09T23:41:12+0000,"Ebola’s Mystery: One Boy Lives, Another Dies",World,"Over and over, doctors have been confounded by the divergent paths of Ebola patients whose cases appeared similar at first.",11/9/2014,
9,2014-10-16T14:27:51+0000,U.N. Rights Chief Warns Against Anti-African Discrimination Over Ebola  ,World,"Zeid Ra’ad al-Hussein, the new chief, warned against ill-conceived quarantines. He also said his agency needed more money to combat multiple crises.",10/16/2014,
0,2016-02-02T16:55:22+0000,W.H.O. Sets Up Global Response Unit,World,"The World Health Organization says it has set up a unit to fight the microcephaly outbreak in Latin America linked to the Zika virus, using the lessons learned from the Ebola crisis.",2/2/2016,1
1,2015-09-27T00:59:57+0000,Partnership Aims to Bolster Local Health Care Providers ,World,"A collaboration of the Bill & Melinda Gates Foundation, the World Bank and the World Health Organization will focus on medical care in poor and middle-income countries.",9/27/2015,
2,2015-03-05T12:52:30+0000,North Korea Reopens Borders in Time for Marathon,World,"To race on Pyongyang’s streets, runners will need to sign up through a package tour offered by companies outside North Korea and will have to fly through China.",3/5/2015,
3,2014-12-23T01:07:14+0000,Liberia: Soccer Star Leads Senate Race,World,"The former soccer star George Weah appeared to have won a landslide victory in a Senate race that pitted him against the president’s son, Robert Sirleaf.",12/23/2014,
4,2015-09-19T00:24:57+0000,Brazil to Keep Allowances for the Poor,World,"Despite Brazil’s budget problems, there will be no cuts in a pioneering and widely admired program of monthly cash allowances to the poor.",9/19/2015,
5,2014-11-27T15:58:10+0000,Looking Past Africa's Turmoil,World,"The perception of Africa as a collection of dystopian states and regions persists, but there are signs of a subtle shift.",11/27/2014,
6,2014-10-11T23:59:17+0000,"In Travel Out of Liberia, Nothing Is Simply Routine",World,"A reporter takes the same route from Liberia to the United States as Thomas Eric Duncan, the man who, after traveling on to Dallas, fell to the disease.",10/11/2014,
7,2014-10-29T17:07:51+0000,Obama Could Replace Aides Bruised by a Cascade of Crises ,World,Stumbles in the handling of the Ebola crisis and the Islamic State have fueled speculation that President Obama may shake up his foreign policy team.,10/29/2014,
8,2014-12-04T19:57:23+0000,Suspect Is Held in Killing of American in Abu Dhabi,World,The interior minister of the United Arab Emirates said the suspect had also planted a bomb on the doorstep of an Egyptian-American doctor.,12/4/2014,
9,2015-11-01T11:15:34+0000,Guinea President’s Re-election Confirmed Despite Fraud Complaints,World,"A judicial panel that reviewed claims of fraud in the Oct. 11 election certified that the incumbent, Alpha Condé, had won nearly 58 percent of the vote.",11/1/2015,
0,2015-12-23T19:28:38+0000,15 of the Best Journals by Our Reporters Around the World,World,"Journals, a fixture of the international section, allow correspondents to step back from the news and write about places that intrigue them. We hope you enjoy our choices.",12/23/2015,
1,2016-02-01T22:50:23+0000,Australia to Begin Monitoring for Zika Virus,World,"Health officials in the northern part of Queensland and Papua New Guinea, to Australia’s north, have begun taking measures to guard against the virus.",2/1/2016,
2,2014-10-25T00:12:50+0000,Putin Accuses U.S. of Backing ‘Neo-Fascists’ and ‘Islamic Radicals’,World,President Vladimir V. Putin of Russia unleashed perhaps his strongest diatribe against the United States yet.,10/25/2014,
3,2016-02-13T19:01:36+0000,"War, Disease and Scandals Test Soccer Chief in Sierra Leone",World,"Isha Johansen, the president of Sierra Leone’s soccer association, is one of just a handful of women in the world to have held such a post.",2/13/2016,
4,2015-04-29T19:20:34+0000,"North Korea Executed 15 Top Officials in 2015, South Korean Agency Says",World,"The tally adds to 68 believed to be killed between 2012-14, as Kim Jong-un tries to assert his authority, a South Korean spy agency told lawmakers in Seoul.",4/29/2015,
5,2014-12-30T11:44:01+0000,U.S. Embassy Describes Coup Attempt in Gambia,World,"The Gambian government insisted that “peace and calm” prevailed after gunfire erupted overnight in the capital, Banjul.",12/30/2014,
6,2015-08-28T12:28:36+0000,National Security Adviser Meets With Chinese President Before His U.S. Visit,World,Susan E. Rice met with President Xi Jinping and other officials and discussed a number of issues that included areas of tension between the two nations.,8/28/2015,
7,2016-02-15T18:05:22+0000,U.S.-Owned Plane Carrying Corpse and Cash Is Impounded in Zimbabwe,World,"The cargo jet, transporting money for the South African Reserve Bank, was seized during a refueling stop after a body dripping blood was found on board.",2/15/2016,
8,2016-03-15T13:30:26+0000,"Fearing the Tide in West Point, a Slum Already Swamped With Worry",World,"About 75,000 Monrovia residents await word on whether infrastructure will be improved to withstand the sea, or if they will be relocated.",3/15/2016,
9,2015-03-05T16:00:52+0000,North Korea May Have a Missionary in Custody,World,The chief pastor from a Korean church in Toronto had failed to return home from a humanitarian mission to the North.,3/5/2015,
0,2015-10-15T22:10:31+0000,"Guinea President Set to Win Re-election, as Opponents Allege Voter Fraud",World,"Protesters against President Alpha Condé have clashed with the police even before the results are announced of Sunday’s vote, which observers said was poorly run but largely fair.",10/15/2015,
1,2015-04-27T23:17:33+0000,"Journalists Facing Biggest Threats in Recent Times, Advocacy Group Says",World,"An annual report by the Committee to Protect Journalists said the threats, from nonstate actors and governments, were especially acute for freelancers.",4/27/2015,
2,2014-12-08T12:01:13+0000,Unicef Calls 2014 One of Worst Years for Children,World,"Up to 15 million children are directly entangled in violent conflicts, mostly in the Middle East and Africa, a report by the group said.",12/8/2014,
3,2014-11-13T06:37:04+0000,U.S. Policy Makers Could See Opportunity in China’s Rise,World,"“It would be a mistake to view increased frictions as the result of inattention or clumsy policy,” says Ely Ratner, deputy director of the Asia-Pacific Security Program at the Center for a New American Security.",11/13/2014,
4,2015-12-23T17:11:26+0000,Father of Drowned Syrian Boy Delivers Christmas Message to Britons,World,"Britain’s Channel 4 will broadcast a recorded message from Abdullah Kurdi, the Syrian refugee whose young son drowned off Turkey in September, on Christmas Day.",12/23/2015,
5,2014-11-15T04:43:21+0000,Obama Offers Assurances of U.S. Shift Toward Asia,World,"Visiting Australia, President Obama said the United States could be a force for order as Asia faced threats like a nuclear-armed North Korea and disputes between China and its neighbors.",11/15/2014,
6,2016-01-19T16:29:39+0000,Part of Sierra Leone’s History Is Being Dismantled Board by Board,World,"Freetown’s board houses are as old as the city itself, but they are fast disappearing amid rapid urbanization and a growing preference for concrete.",1/19/2016,
7,2015-03-12T00:39:15+0000,"Western Relations Frosty, Russia Warms to North Korea",World,"On Wednesday, the Russian Foreign Ministry announced an agreement to designate 2015 as a “Year of Friendship” with North Korea.",3/12/2015,
8,2015-01-29T14:57:12+0000,"Unicef, Seeking More Aid, Points to Children Touched by Armed Conflict",World,"The agency is asking for $3.1 billion, one-third more than it did last year, with the goal of helping 62 million children in 71 countries.",1/29/2015,
9,2014-12-31T02:05:13+0000,Merkel to Attack Anti-Immigrant Movement in Germany,World,The German chancellor will use her New Year’s speech to urge people not to join the weekly protests in Dresden held by Patriotic Europeans Against the Islamization of the West.,12/31/2014,
0,2014-11-01T00:59:50+0000,Street-Level Views of the Protests in Burkina Faso,World,"Video posted on YouTube offered vivid glimpses of the demonstrators who forced Burkina Faso’s longtime president, Blaise Compaoré, from office.",11/1/2014,
1,2016-03-10T03:37:05+0000,"Zika Vaccine Still Years Away, W.H.O. Says",World,"Despite efforts to speed up development, a vaccine to combat the virus may come too late for the current outbreak in Latin America and the Caribbean, health experts said.",3/10/2016,1
2,2015-06-04T13:49:45+0000,South Korea Confirms 2 More Deaths in MERS Outbreak,World,"Two men, ages 82 and 76, were the country’s latest victims of an illness that has forced over 1,160 schools and kindergartens to shut down temporarily.",6/4/2015,
3,2014-12-25T14:18:36+0000,"Francis, in Christmas Day Message, Focuses on Children in Peril ",World,"Vast numbers of children today are victims of violence, objects of trade and trafficking, or forced to become soldiers, he said.",12/25/2014,
4,2014-11-05T05:01:27+0000,Calls Grow to Broaden Search for Next U.N. Leader,World,"With Ban Ki-moon set to step down in 2016, momentum is building to open up the secretive selection process for the next United Nations secretary general.",11/5/2014,
5,2015-05-20T12:40:59+0000,"Chinese Fleets Illegally Fish in West African Waters, Greenpeace Says",World,A study by the group accuses hundreds of Chinese-owned or Chinese-flagged vessels of taking advantage of weak enforcement by African governments.,5/20/2015,
6,2015-01-23T01:25:54+0000,"Conflict, and Smiles, as U.S. and Cuba Discuss Ties ",World,"The sides met for several hours, mostly to iron out technical issues in converting their diplomatic outposts into full-fledged embassies.",1/23/2015,
7,2016-03-09T05:22:01+0000,"Taiwan and Hainan at Risk of Zika Spread, Scientist Warns",World,"The two islands both have populations of the Aedes aegypti mosquito, which is believed to be the main carrier of the virus.",3/9/2016,
8,2015-09-27T23:34:40+0000,Obama Tackles Poverty and Sexism in U.N. Speech,World,"Calling for better treatment of women around the world as he addressed the General Assembly, President Obama said he had no patience for excuses about discrimination.",9/27/2015,
9,2014-10-21T20:42:37+0000,Submarine Search Near Stockholm Reminiscent of a Cold War Thriller,World,"Sweden launched a search team of 200 personnel aboard ships, helicopters and minesweepers to scour the Baltic Sea in search of an unidentified foreign vessel.",10/21/2014,
0,2014-10-15T01:04:48+0000,U.S. and Russia Agree to Share More Intelligence on ISIS,World,Secretary of State John Kerry made it clear that he would welcome expanded cooperation with Russia after a meeting in Paris with the country’s foreign minister.,10/15/2014,
1,2016-02-25T01:58:30+0000,U.N. Agency Hires Wife of Top Figure in Syrian War to Assist the Displaced,World,"Shukria Mekdad’s appointment has led critics to question the World Health Organization’s impartiality, as her husband is a defender of the government’s war effort.",2/25/2016,
2,2014-10-04T00:17:11+0000,An Inconvenient Protest for Both China and the U.S.,World,Demonstrations in Hong Kong put the Obama administration in the awkward position of wanting to support pro-democracy forces without alienating a key partner.,10/4/2014,
3,2014-11-10T05:37:05+0000,"For China and Japan, a New Effort to Improve Relations Produces a Chilly Scene ",World,The encounter between President Xi Jinping of China and Prime Minister Shinzo Abe of Japan was aimed at moving away from a standoff between the countries.,11/10/2014,
4,2014-10-07T00:53:36+0000,Saudis Are Next on Biden’s Mideast Apology List After Harvard Remarks,World,The vice president’s problems began Thursday when he declared that the biggest problem in dealing with Syria and the rise of the Islamic State was America’s allies in the region.,10/7/2014,
5,2014-10-01T01:05:31+0000,"For Obama and Indian Leader, a Friendly Stroll if Not a Full Embrace",World,The White House tried to spotlight hopes for working with Prime Minister Narendra Modi while not lavishing full pageantry on a leader who was once barred from entering the United States.,10/1/2014,
6,2014-11-08T02:10:19+0000,"To China, Shift in Obama’s Political Fortunes Eclipses U.S. Economic Gains",World,"When President Obama visits China on Monday, authorities there are likely to dwell more on his electoral reversals than on the robust American economy, analysts say.",11/8/2014,
7,2014-11-15T17:35:47+0000,"Finishing Asia Tour, Obama Promotes More Ambitious Foreign Policy",World,"The scorecard for President Obama’s Asia trip looks drastically different from the last one, with a landmark climate-change agreement and a trade deal with China.",11/15/2014,
8,2015-09-01T18:36:42+0000,"At Auschwitz, a Summer Precaution Is a Grim Reminder to Some",World,Critics said overhead sprinklers at the entrance to the death camp’s memorial and museum were reminiscent of the showers the Nazis used to gas Jews in World War II.,9/1/2015,
9,2014-11-29T04:47:25+0000,"Roberto Gómez Bolaños, Mexico’s Comedic Artist ‘Chespirito,’ Dies at 85",World,"The actor, writer and director was known around the Spanish-speaking world for his iconic characters and widely viewed television shows.",11/29/2014,
0,2014-11-26T12:25:00+0000,"Polio Crisis Deepens in Pakistan, With New Cases and Killings ",World,"The number of new Pakistani polio cases this year has hit 260, four times as many as last year, and four more anti-polio workers have been killed in the field.",11/26/2014,
1,2016-01-19T00:17:08+0000,Qaeda Rampage in Burkina Faso Shakes Service Employees,World,Hotel and restaurant workers in the African nation’s capital were left feeling vulnerable after an attack claimed 29 lives on Friday.,1/19/2016,
2,2015-12-03T14:30:18+0000,"Poor in Guinea, but Making a Living From Crisp New Banknotes",World,"The demand for crisp, clean Guinean francs for gift giving has provided jobs for young people in Conakry, who try to reel in customers wanting to trade in old bills.",12/3/2015,
3,2015-10-18T23:26:45+0000,"Despite Cuts, U.S. Army Prepares for Threats in Europe",World,"Across-the-board spending cuts are squeezing the Pentagon’s budget, while a war-weary nation is showing little eagerness to sustain a global, war-ready crouch.",10/18/2015,
4,2015-04-27T22:05:09+0000,Britain’s Drift From the Global Stage Becomes an Election Issue,World,"There is growing concern that Britain is ceding its reputation for “punching above its weight” when it comes to matters like Ukraine and the Middle East, and even its alliance with the United States.",4/27/2015,
5,2014-10-18T01:53:36+0000,"Making Merkel Wait, Finding Time for Truffles ",World,"President Vladimir V. Putin kept Chancellor Angela Merkel waiting for hours, met after 2 a.m. with Silvio Berlusconi, and joked at a news conference, but budged little on the Ukraine crisis.",10/18/2014,
6,2014-10-17T02:06:00+0000,Bloc in Europe Starts to Balk Over Austerity ,World,"Many of the largest European countries, including France and Italy, are now rebelling against the German gospel of belt-tightening and calling for more radical steps to reverse their slumping fortunes.",10/17/2014,
7,2015-06-08T01:05:17+0000,Russia Uses Money and Ideology to Fight Western Sanctions,World,"Moscow is leveraging its economic power, financing European political parties and movements, and spreading alternative accounts of the conflict.",6/8/2015,
8,2014-12-26T02:19:56+0000,U.N. Set to Cut Force in Darfur as Fighting Rises,World,United Nations officials say their forces are routinely attacked by Sudanese forces and their proxies and that it is virtually impossible for their peacekeepers to remain without Sudan’s blessing.,12/26/2014,
9,2015-08-10T15:03:23+0000,A Ukrainian Border Town Once Fenced by Soviets Blossoms Into a Shopper’s Paradise,World,"Since 2005, a pedestrian crossing has drawn a surge of Slovakian visitors to a small Ukrainian village, where consumer goods are considerably cheaper.",8/10/2015,
0,2015-09-28T09:00:05+0000,Obama and Putin Play Diplomatic Poker Over Syria,World,President Obama and President Vladimir V. Putin essentially blamed each other for the catastrophic war in Syria and the refugee crisis it spurred in their speeches at the General Assembly.,9/28/2015,
1,2015-09-28T17:48:00+0000,President Obama’s Speech to the United Nations General Assembly 2015,World,The speech delivered by President Obama at the United Nations General Assembly as transcribed and released by the White House.,9/28/2015,
